sample,fastq_1,fastq_2,strandedness
WT_PB_3,/camp/stp/sequencing/outputs/babs/data/wacka/vasileios.samelis/RN22209/primary_data/220808_A01366_0254_AHTMGYDSX3/fastq/SAM5059A9_S143_L001_R1_001.fastq.gz,/camp/stp/sequencing/outputs/babs/data/wacka/vasileios.samelis/RN22209/primary_data/220808_A01366_0254_AHTMGYDSX3/fastq/SAM5059A9_S143_L001_R2_001.fastq.gz,unstranded
WT_PB_3,/camp/stp/sequencing/outputs/babs/data/wacka/vasileios.samelis/RN22209/primary_data/220808_A01366_0254_AHTMGYDSX3/fastq/SAM5059A9_S143_L002_R1_001.fastq.gz,/camp/stp/sequencing/outputs/babs/data/wacka/vasileios.samelis/RN22209/primary_data/220808_A01366_0254_AHTMGYDSX3/fastq/SAM5059A9_S143_L002_R2_001.fastq.gz,unstranded
WT_PB_3,/camp/stp/sequencing/outputs/babs/data/wacka/vasileios.samelis/RN22209/primary_data/220808_A01366_0254_AHTMGYDSX3/fastq/SAM5059A9_S143_L003_R1_001.fastq.gz,/camp/stp/sequencing/outputs/babs/data/wacka/vasileios.samelis/RN22209/primary_data/220808_A01366_0254_AHTMGYDSX3/fastq/SAM5059A9_S143_L003_R2_001.fastq.gz,unstranded
WT_PB_3,/camp/stp/sequencing/outputs/babs/data/wacka/vasileios.samelis/RN22209/primary_data/220808_A01366_0254_AHTMGYDSX3/fastq/SAM5059A9_S143_L004_R1_001.fastq.gz,/camp/stp/sequencing/outputs/babs/data/wacka/vasileios.samelis/RN22209/primary_data/220808_A01366_0254_AHTMGYDSX3/fastq/SAM5059A9_S143_L004_R2_001.fastq.gz,unstranded
WT_PB_2,/camp/stp/sequencing/outputs/babs/data/wacka/vasileios.samelis/RN22209/primary_data/220808_A01366_0254_AHTMGYDSX3/fastq/SAM5059A8_S142_L001_R1_001.fastq.gz,/camp/stp/sequencing/outputs/babs/data/wacka/vasileios.samelis/RN22209/primary_data/220808_A01366_0254_AHTMGYDSX3/fastq/SAM5059A8_S142_L001_R2_001.fastq.gz,unstranded
WT_PB_2,/camp/stp/sequencing/outputs/babs/data/wacka/vasileios.samelis/RN22209/primary_data/220808_A01366_0254_AHTMGYDSX3/fastq/SAM5059A8_S142_L002_R1_001.fastq.gz,/camp/stp/sequencing/outputs/babs/data/wacka/vasileios.samelis/RN22209/primary_data/220808_A01366_0254_AHTMGYDSX3/fastq/SAM5059A8_S142_L002_R2_001.fastq.gz,unstranded
WT_PB_2,/camp/stp/sequencing/outputs/babs/data/wacka/vasileios.samelis/RN22209/primary_data/220808_A01366_0254_AHTMGYDSX3/fastq/SAM5059A8_S142_L003_R1_001.fastq.gz,/camp/stp/sequencing/outputs/babs/data/wacka/vasileios.samelis/RN22209/primary_data/220808_A01366_0254_AHTMGYDSX3/fastq/SAM5059A8_S142_L003_R2_001.fastq.gz,unstranded
WT_PB_2,/camp/stp/sequencing/outputs/babs/data/wacka/vasileios.samelis/RN22209/primary_data/220808_A01366_0254_AHTMGYDSX3/fastq/SAM5059A8_S142_L004_R1_001.fastq.gz,/camp/stp/sequencing/outputs/babs/data/wacka/vasileios.samelis/RN22209/primary_data/220808_A01366_0254_AHTMGYDSX3/fastq/SAM5059A8_S142_L004_R2_001.fastq.gz,unstranded
WT_PB_1,/camp/stp/sequencing/outputs/babs/data/wacka/vasileios.samelis/RN22209/primary_data/220808_A01366_0254_AHTMGYDSX3/fastq/SAM5059A7_S141_L001_R1_001.fastq.gz,/camp/stp/sequencing/outputs/babs/data/wacka/vasileios.samelis/RN22209/primary_data/220808_A01366_0254_AHTMGYDSX3/fastq/SAM5059A7_S141_L001_R2_001.fastq.gz,unstranded
WT_PB_1,/camp/stp/sequencing/outputs/babs/data/wacka/vasileios.samelis/RN22209/primary_data/220808_A01366_0254_AHTMGYDSX3/fastq/SAM5059A7_S141_L002_R1_001.fastq.gz,/camp/stp/sequencing/outputs/babs/data/wacka/vasileios.samelis/RN22209/primary_data/220808_A01366_0254_AHTMGYDSX3/fastq/SAM5059A7_S141_L002_R2_001.fastq.gz,unstranded
WT_PB_1,/camp/stp/sequencing/outputs/babs/data/wacka/vasileios.samelis/RN22209/primary_data/220808_A01366_0254_AHTMGYDSX3/fastq/SAM5059A7_S141_L003_R1_001.fastq.gz,/camp/stp/sequencing/outputs/babs/data/wacka/vasileios.samelis/RN22209/primary_data/220808_A01366_0254_AHTMGYDSX3/fastq/SAM5059A7_S141_L003_R2_001.fastq.gz,unstranded
WT_PB_1,/camp/stp/sequencing/outputs/babs/data/wacka/vasileios.samelis/RN22209/primary_data/220808_A01366_0254_AHTMGYDSX3/fastq/SAM5059A7_S141_L004_R1_001.fastq.gz,/camp/stp/sequencing/outputs/babs/data/wacka/vasileios.samelis/RN22209/primary_data/220808_A01366_0254_AHTMGYDSX3/fastq/SAM5059A7_S141_L004_R2_001.fastq.gz,unstranded
WT_NK_3,/camp/stp/sequencing/outputs/babs/data/wacka/vasileios.samelis/RN22209/primary_data/220808_A01366_0254_AHTMGYDSX3/fastq/SAM5059A19_S153_L001_R1_001.fastq.gz,/camp/stp/sequencing/outputs/babs/data/wacka/vasileios.samelis/RN22209/primary_data/220808_A01366_0254_AHTMGYDSX3/fastq/SAM5059A19_S153_L001_R2_001.fastq.gz,unstranded
WT_NK_3,/camp/stp/sequencing/outputs/babs/data/wacka/vasileios.samelis/RN22209/primary_data/220808_A01366_0254_AHTMGYDSX3/fastq/SAM5059A19_S153_L002_R1_001.fastq.gz,/camp/stp/sequencing/outputs/babs/data/wacka/vasileios.samelis/RN22209/primary_data/220808_A01366_0254_AHTMGYDSX3/fastq/SAM5059A19_S153_L002_R2_001.fastq.gz,unstranded
WT_NK_3,/camp/stp/sequencing/outputs/babs/data/wacka/vasileios.samelis/RN22209/primary_data/220808_A01366_0254_AHTMGYDSX3/fastq/SAM5059A19_S153_L003_R1_001.fastq.gz,/camp/stp/sequencing/outputs/babs/data/wacka/vasileios.samelis/RN22209/primary_data/220808_A01366_0254_AHTMGYDSX3/fastq/SAM5059A19_S153_L003_R2_001.fastq.gz,unstranded
WT_NK_3,/camp/stp/sequencing/outputs/babs/data/wacka/vasileios.samelis/RN22209/primary_data/220808_A01366_0254_AHTMGYDSX3/fastq/SAM5059A19_S153_L004_R1_001.fastq.gz,/camp/stp/sequencing/outputs/babs/data/wacka/vasileios.samelis/RN22209/primary_data/220808_A01366_0254_AHTMGYDSX3/fastq/SAM5059A19_S153_L004_R2_001.fastq.gz,unstranded
WT_NK_2,/camp/stp/sequencing/outputs/babs/data/wacka/vasileios.samelis/RN22209/primary_data/220808_A01366_0254_AHTMGYDSX3/fastq/SAM5059A2_S140_L001_R1_001.fastq.gz,/camp/stp/sequencing/outputs/babs/data/wacka/vasileios.samelis/RN22209/primary_data/220808_A01366_0254_AHTMGYDSX3/fastq/SAM5059A2_S140_L001_R2_001.fastq.gz,unstranded
WT_NK_2,/camp/stp/sequencing/outputs/babs/data/wacka/vasileios.samelis/RN22209/primary_data/220808_A01366_0254_AHTMGYDSX3/fastq/SAM5059A2_S140_L002_R1_001.fastq.gz,/camp/stp/sequencing/outputs/babs/data/wacka/vasileios.samelis/RN22209/primary_data/220808_A01366_0254_AHTMGYDSX3/fastq/SAM5059A2_S140_L002_R2_001.fastq.gz,unstranded
WT_NK_2,/camp/stp/sequencing/outputs/babs/data/wacka/vasileios.samelis/RN22209/primary_data/220808_A01366_0254_AHTMGYDSX3/fastq/SAM5059A2_S140_L003_R1_001.fastq.gz,/camp/stp/sequencing/outputs/babs/data/wacka/vasileios.samelis/RN22209/primary_data/220808_A01366_0254_AHTMGYDSX3/fastq/SAM5059A2_S140_L003_R2_001.fastq.gz,unstranded
WT_NK_2,/camp/stp/sequencing/outputs/babs/data/wacka/vasileios.samelis/RN22209/primary_data/220808_A01366_0254_AHTMGYDSX3/fastq/SAM5059A2_S140_L004_R1_001.fastq.gz,/camp/stp/sequencing/outputs/babs/data/wacka/vasileios.samelis/RN22209/primary_data/220808_A01366_0254_AHTMGYDSX3/fastq/SAM5059A2_S140_L004_R2_001.fastq.gz,unstranded
WT_NK_1,/camp/stp/sequencing/outputs/babs/data/wacka/vasileios.samelis/RN22209/primary_data/220808_A01366_0254_AHTMGYDSX3/fastq/SAM5059A1_S139_L001_R1_001.fastq.gz,/camp/stp/sequencing/outputs/babs/data/wacka/vasileios.samelis/RN22209/primary_data/220808_A01366_0254_AHTMGYDSX3/fastq/SAM5059A1_S139_L001_R2_001.fastq.gz,unstranded
WT_NK_1,/camp/stp/sequencing/outputs/babs/data/wacka/vasileios.samelis/RN22209/primary_data/220808_A01366_0254_AHTMGYDSX3/fastq/SAM5059A1_S139_L002_R1_001.fastq.gz,/camp/stp/sequencing/outputs/babs/data/wacka/vasileios.samelis/RN22209/primary_data/220808_A01366_0254_AHTMGYDSX3/fastq/SAM5059A1_S139_L002_R2_001.fastq.gz,unstranded
WT_NK_1,/camp/stp/sequencing/outputs/babs/data/wacka/vasileios.samelis/RN22209/primary_data/220808_A01366_0254_AHTMGYDSX3/fastq/SAM5059A1_S139_L003_R1_001.fastq.gz,/camp/stp/sequencing/outputs/babs/data/wacka/vasileios.samelis/RN22209/primary_data/220808_A01366_0254_AHTMGYDSX3/fastq/SAM5059A1_S139_L003_R2_001.fastq.gz,unstranded
WT_NK_1,/camp/stp/sequencing/outputs/babs/data/wacka/vasileios.samelis/RN22209/primary_data/220808_A01366_0254_AHTMGYDSX3/fastq/SAM5059A1_S139_L004_R1_001.fastq.gz,/camp/stp/sequencing/outputs/babs/data/wacka/vasileios.samelis/RN22209/primary_data/220808_A01366_0254_AHTMGYDSX3/fastq/SAM5059A1_S139_L004_R2_001.fastq.gz,unstranded
WT_allBcells_3,/camp/stp/sequencing/outputs/babs/data/wacka/vasileios.samelis/RN22209/primary_data/220808_A01366_0254_AHTMGYDSX3/fastq/SAM5059A15_S149_L001_R1_001.fastq.gz,/camp/stp/sequencing/outputs/babs/data/wacka/vasileios.samelis/RN22209/primary_data/220808_A01366_0254_AHTMGYDSX3/fastq/SAM5059A15_S149_L001_R2_001.fastq.gz,unstranded
WT_allBcells_3,/camp/stp/sequencing/outputs/babs/data/wacka/vasileios.samelis/RN22209/primary_data/220808_A01366_0254_AHTMGYDSX3/fastq/SAM5059A15_S149_L002_R1_001.fastq.gz,/camp/stp/sequencing/outputs/babs/data/wacka/vasileios.samelis/RN22209/primary_data/220808_A01366_0254_AHTMGYDSX3/fastq/SAM5059A15_S149_L002_R2_001.fastq.gz,unstranded
WT_allBcells_3,/camp/stp/sequencing/outputs/babs/data/wacka/vasileios.samelis/RN22209/primary_data/220808_A01366_0254_AHTMGYDSX3/fastq/SAM5059A15_S149_L003_R1_001.fastq.gz,/camp/stp/sequencing/outputs/babs/data/wacka/vasileios.samelis/RN22209/primary_data/220808_A01366_0254_AHTMGYDSX3/fastq/SAM5059A15_S149_L003_R2_001.fastq.gz,unstranded
WT_allBcells_3,/camp/stp/sequencing/outputs/babs/data/wacka/vasileios.samelis/RN22209/primary_data/220808_A01366_0254_AHTMGYDSX3/fastq/SAM5059A15_S149_L004_R1_001.fastq.gz,/camp/stp/sequencing/outputs/babs/data/wacka/vasileios.samelis/RN22209/primary_data/220808_A01366_0254_AHTMGYDSX3/fastq/SAM5059A15_S149_L004_R2_001.fastq.gz,unstranded
WT_allBcells_2,/camp/stp/sequencing/outputs/babs/data/wacka/vasileios.samelis/RN22209/primary_data/220808_A01366_0254_AHTMGYDSX3/fastq/SAM5059A14_S148_L001_R1_001.fastq.gz,/camp/stp/sequencing/outputs/babs/data/wacka/vasileios.samelis/RN22209/primary_data/220808_A01366_0254_AHTMGYDSX3/fastq/SAM5059A14_S148_L001_R2_001.fastq.gz,unstranded
WT_allBcells_2,/camp/stp/sequencing/outputs/babs/data/wacka/vasileios.samelis/RN22209/primary_data/220808_A01366_0254_AHTMGYDSX3/fastq/SAM5059A14_S148_L002_R1_001.fastq.gz,/camp/stp/sequencing/outputs/babs/data/wacka/vasileios.samelis/RN22209/primary_data/220808_A01366_0254_AHTMGYDSX3/fastq/SAM5059A14_S148_L002_R2_001.fastq.gz,unstranded
WT_allBcells_2,/camp/stp/sequencing/outputs/babs/data/wacka/vasileios.samelis/RN22209/primary_data/220808_A01366_0254_AHTMGYDSX3/fastq/SAM5059A14_S148_L003_R1_001.fastq.gz,/camp/stp/sequencing/outputs/babs/data/wacka/vasileios.samelis/RN22209/primary_data/220808_A01366_0254_AHTMGYDSX3/fastq/SAM5059A14_S148_L003_R2_001.fastq.gz,unstranded
WT_allBcells_2,/camp/stp/sequencing/outputs/babs/data/wacka/vasileios.samelis/RN22209/primary_data/220808_A01366_0254_AHTMGYDSX3/fastq/SAM5059A14_S148_L004_R1_001.fastq.gz,/camp/stp/sequencing/outputs/babs/data/wacka/vasileios.samelis/RN22209/primary_data/220808_A01366_0254_AHTMGYDSX3/fastq/SAM5059A14_S148_L004_R2_001.fastq.gz,unstranded
WT_allBcells_1,/camp/stp/sequencing/outputs/babs/data/wacka/vasileios.samelis/RN22209/primary_data/220808_A01366_0254_AHTMGYDSX3/fastq/SAM5059A13_S147_L001_R1_001.fastq.gz,/camp/stp/sequencing/outputs/babs/data/wacka/vasileios.samelis/RN22209/primary_data/220808_A01366_0254_AHTMGYDSX3/fastq/SAM5059A13_S147_L001_R2_001.fastq.gz,unstranded
WT_allBcells_1,/camp/stp/sequencing/outputs/babs/data/wacka/vasileios.samelis/RN22209/primary_data/220808_A01366_0254_AHTMGYDSX3/fastq/SAM5059A13_S147_L002_R1_001.fastq.gz,/camp/stp/sequencing/outputs/babs/data/wacka/vasileios.samelis/RN22209/primary_data/220808_A01366_0254_AHTMGYDSX3/fastq/SAM5059A13_S147_L002_R2_001.fastq.gz,unstranded
WT_allBcells_1,/camp/stp/sequencing/outputs/babs/data/wacka/vasileios.samelis/RN22209/primary_data/220808_A01366_0254_AHTMGYDSX3/fastq/SAM5059A13_S147_L003_R1_001.fastq.gz,/camp/stp/sequencing/outputs/babs/data/wacka/vasileios.samelis/RN22209/primary_data/220808_A01366_0254_AHTMGYDSX3/fastq/SAM5059A13_S147_L003_R2_001.fastq.gz,unstranded
WT_allBcells_1,/camp/stp/sequencing/outputs/babs/data/wacka/vasileios.samelis/RN22209/primary_data/220808_A01366_0254_AHTMGYDSX3/fastq/SAM5059A13_S147_L004_R1_001.fastq.gz,/camp/stp/sequencing/outputs/babs/data/wacka/vasileios.samelis/RN22209/primary_data/220808_A01366_0254_AHTMGYDSX3/fastq/SAM5059A13_S147_L004_R2_001.fastq.gz,unstranded
KO_PB_3,/camp/stp/sequencing/outputs/babs/data/wacka/vasileios.samelis/RN22209/primary_data/220808_A01366_0254_AHTMGYDSX3/fastq/SAM5059A12_S146_L001_R1_001.fastq.gz,/camp/stp/sequencing/outputs/babs/data/wacka/vasileios.samelis/RN22209/primary_data/220808_A01366_0254_AHTMGYDSX3/fastq/SAM5059A12_S146_L001_R2_001.fastq.gz,unstranded
KO_PB_3,/camp/stp/sequencing/outputs/babs/data/wacka/vasileios.samelis/RN22209/primary_data/220808_A01366_0254_AHTMGYDSX3/fastq/SAM5059A12_S146_L002_R1_001.fastq.gz,/camp/stp/sequencing/outputs/babs/data/wacka/vasileios.samelis/RN22209/primary_data/220808_A01366_0254_AHTMGYDSX3/fastq/SAM5059A12_S146_L002_R2_001.fastq.gz,unstranded
KO_PB_3,/camp/stp/sequencing/outputs/babs/data/wacka/vasileios.samelis/RN22209/primary_data/220808_A01366_0254_AHTMGYDSX3/fastq/SAM5059A12_S146_L003_R1_001.fastq.gz,/camp/stp/sequencing/outputs/babs/data/wacka/vasileios.samelis/RN22209/primary_data/220808_A01366_0254_AHTMGYDSX3/fastq/SAM5059A12_S146_L003_R2_001.fastq.gz,unstranded
KO_PB_3,/camp/stp/sequencing/outputs/babs/data/wacka/vasileios.samelis/RN22209/primary_data/220808_A01366_0254_AHTMGYDSX3/fastq/SAM5059A12_S146_L004_R1_001.fastq.gz,/camp/stp/sequencing/outputs/babs/data/wacka/vasileios.samelis/RN22209/primary_data/220808_A01366_0254_AHTMGYDSX3/fastq/SAM5059A12_S146_L004_R2_001.fastq.gz,unstranded
KO_PB_2,/camp/stp/sequencing/outputs/babs/data/wacka/vasileios.samelis/RN22209/primary_data/220808_A01366_0254_AHTMGYDSX3/fastq/SAM5059A11_S145_L001_R1_001.fastq.gz,/camp/stp/sequencing/outputs/babs/data/wacka/vasileios.samelis/RN22209/primary_data/220808_A01366_0254_AHTMGYDSX3/fastq/SAM5059A11_S145_L001_R2_001.fastq.gz,unstranded
KO_PB_2,/camp/stp/sequencing/outputs/babs/data/wacka/vasileios.samelis/RN22209/primary_data/220808_A01366_0254_AHTMGYDSX3/fastq/SAM5059A11_S145_L002_R1_001.fastq.gz,/camp/stp/sequencing/outputs/babs/data/wacka/vasileios.samelis/RN22209/primary_data/220808_A01366_0254_AHTMGYDSX3/fastq/SAM5059A11_S145_L002_R2_001.fastq.gz,unstranded
KO_PB_2,/camp/stp/sequencing/outputs/babs/data/wacka/vasileios.samelis/RN22209/primary_data/220808_A01366_0254_AHTMGYDSX3/fastq/SAM5059A11_S145_L003_R1_001.fastq.gz,/camp/stp/sequencing/outputs/babs/data/wacka/vasileios.samelis/RN22209/primary_data/220808_A01366_0254_AHTMGYDSX3/fastq/SAM5059A11_S145_L003_R2_001.fastq.gz,unstranded
KO_PB_2,/camp/stp/sequencing/outputs/babs/data/wacka/vasileios.samelis/RN22209/primary_data/220808_A01366_0254_AHTMGYDSX3/fastq/SAM5059A11_S145_L004_R1_001.fastq.gz,/camp/stp/sequencing/outputs/babs/data/wacka/vasileios.samelis/RN22209/primary_data/220808_A01366_0254_AHTMGYDSX3/fastq/SAM5059A11_S145_L004_R2_001.fastq.gz,unstranded
KO_PB_1,/camp/stp/sequencing/outputs/babs/data/wacka/vasileios.samelis/RN22209/primary_data/220808_A01366_0254_AHTMGYDSX3/fastq/SAM5059A10_S144_L001_R1_001.fastq.gz,/camp/stp/sequencing/outputs/babs/data/wacka/vasileios.samelis/RN22209/primary_data/220808_A01366_0254_AHTMGYDSX3/fastq/SAM5059A10_S144_L001_R2_001.fastq.gz,unstranded
KO_PB_1,/camp/stp/sequencing/outputs/babs/data/wacka/vasileios.samelis/RN22209/primary_data/220808_A01366_0254_AHTMGYDSX3/fastq/SAM5059A10_S144_L002_R1_001.fastq.gz,/camp/stp/sequencing/outputs/babs/data/wacka/vasileios.samelis/RN22209/primary_data/220808_A01366_0254_AHTMGYDSX3/fastq/SAM5059A10_S144_L002_R2_001.fastq.gz,unstranded
KO_PB_1,/camp/stp/sequencing/outputs/babs/data/wacka/vasileios.samelis/RN22209/primary_data/220808_A01366_0254_AHTMGYDSX3/fastq/SAM5059A10_S144_L003_R1_001.fastq.gz,/camp/stp/sequencing/outputs/babs/data/wacka/vasileios.samelis/RN22209/primary_data/220808_A01366_0254_AHTMGYDSX3/fastq/SAM5059A10_S144_L003_R2_001.fastq.gz,unstranded
KO_PB_1,/camp/stp/sequencing/outputs/babs/data/wacka/vasileios.samelis/RN22209/primary_data/220808_A01366_0254_AHTMGYDSX3/fastq/SAM5059A10_S144_L004_R1_001.fastq.gz,/camp/stp/sequencing/outputs/babs/data/wacka/vasileios.samelis/RN22209/primary_data/220808_A01366_0254_AHTMGYDSX3/fastq/SAM5059A10_S144_L004_R2_001.fastq.gz,unstranded
KO_NK_3,/camp/stp/sequencing/outputs/babs/data/wacka/vasileios.samelis/RN22209/primary_data/220808_A01366_0254_AHTMGYDSX3/fastq/SAM5059A22_S156_L001_R1_001.fastq.gz,/camp/stp/sequencing/outputs/babs/data/wacka/vasileios.samelis/RN22209/primary_data/220808_A01366_0254_AHTMGYDSX3/fastq/SAM5059A22_S156_L001_R2_001.fastq.gz,unstranded
KO_NK_3,/camp/stp/sequencing/outputs/babs/data/wacka/vasileios.samelis/RN22209/primary_data/220808_A01366_0254_AHTMGYDSX3/fastq/SAM5059A22_S156_L002_R1_001.fastq.gz,/camp/stp/sequencing/outputs/babs/data/wacka/vasileios.samelis/RN22209/primary_data/220808_A01366_0254_AHTMGYDSX3/fastq/SAM5059A22_S156_L002_R2_001.fastq.gz,unstranded
KO_NK_3,/camp/stp/sequencing/outputs/babs/data/wacka/vasileios.samelis/RN22209/primary_data/220808_A01366_0254_AHTMGYDSX3/fastq/SAM5059A22_S156_L003_R1_001.fastq.gz,/camp/stp/sequencing/outputs/babs/data/wacka/vasileios.samelis/RN22209/primary_data/220808_A01366_0254_AHTMGYDSX3/fastq/SAM5059A22_S156_L003_R2_001.fastq.gz,unstranded
KO_NK_3,/camp/stp/sequencing/outputs/babs/data/wacka/vasileios.samelis/RN22209/primary_data/220808_A01366_0254_AHTMGYDSX3/fastq/SAM5059A22_S156_L004_R1_001.fastq.gz,/camp/stp/sequencing/outputs/babs/data/wacka/vasileios.samelis/RN22209/primary_data/220808_A01366_0254_AHTMGYDSX3/fastq/SAM5059A22_S156_L004_R2_001.fastq.gz,unstranded
KO_NK_2,/camp/stp/sequencing/outputs/babs/data/wacka/vasileios.samelis/RN22209/primary_data/220808_A01366_0254_AHTMGYDSX3/fastq/SAM5059A21_S155_L001_R1_001.fastq.gz,/camp/stp/sequencing/outputs/babs/data/wacka/vasileios.samelis/RN22209/primary_data/220808_A01366_0254_AHTMGYDSX3/fastq/SAM5059A21_S155_L001_R2_001.fastq.gz,unstranded
KO_NK_2,/camp/stp/sequencing/outputs/babs/data/wacka/vasileios.samelis/RN22209/primary_data/220808_A01366_0254_AHTMGYDSX3/fastq/SAM5059A21_S155_L002_R1_001.fastq.gz,/camp/stp/sequencing/outputs/babs/data/wacka/vasileios.samelis/RN22209/primary_data/220808_A01366_0254_AHTMGYDSX3/fastq/SAM5059A21_S155_L002_R2_001.fastq.gz,unstranded
KO_NK_2,/camp/stp/sequencing/outputs/babs/data/wacka/vasileios.samelis/RN22209/primary_data/220808_A01366_0254_AHTMGYDSX3/fastq/SAM5059A21_S155_L003_R1_001.fastq.gz,/camp/stp/sequencing/outputs/babs/data/wacka/vasileios.samelis/RN22209/primary_data/220808_A01366_0254_AHTMGYDSX3/fastq/SAM5059A21_S155_L003_R2_001.fastq.gz,unstranded
KO_NK_2,/camp/stp/sequencing/outputs/babs/data/wacka/vasileios.samelis/RN22209/primary_data/220808_A01366_0254_AHTMGYDSX3/fastq/SAM5059A21_S155_L004_R1_001.fastq.gz,/camp/stp/sequencing/outputs/babs/data/wacka/vasileios.samelis/RN22209/primary_data/220808_A01366_0254_AHTMGYDSX3/fastq/SAM5059A21_S155_L004_R2_001.fastq.gz,unstranded
KO_NK_1,/camp/stp/sequencing/outputs/babs/data/wacka/vasileios.samelis/RN22209/primary_data/220808_A01366_0254_AHTMGYDSX3/fastq/SAM5059A20_S154_L001_R1_001.fastq.gz,/camp/stp/sequencing/outputs/babs/data/wacka/vasileios.samelis/RN22209/primary_data/220808_A01366_0254_AHTMGYDSX3/fastq/SAM5059A20_S154_L001_R2_001.fastq.gz,unstranded
KO_NK_1,/camp/stp/sequencing/outputs/babs/data/wacka/vasileios.samelis/RN22209/primary_data/220808_A01366_0254_AHTMGYDSX3/fastq/SAM5059A20_S154_L002_R1_001.fastq.gz,/camp/stp/sequencing/outputs/babs/data/wacka/vasileios.samelis/RN22209/primary_data/220808_A01366_0254_AHTMGYDSX3/fastq/SAM5059A20_S154_L002_R2_001.fastq.gz,unstranded
KO_NK_1,/camp/stp/sequencing/outputs/babs/data/wacka/vasileios.samelis/RN22209/primary_data/220808_A01366_0254_AHTMGYDSX3/fastq/SAM5059A20_S154_L003_R1_001.fastq.gz,/camp/stp/sequencing/outputs/babs/data/wacka/vasileios.samelis/RN22209/primary_data/220808_A01366_0254_AHTMGYDSX3/fastq/SAM5059A20_S154_L003_R2_001.fastq.gz,unstranded
KO_NK_1,/camp/stp/sequencing/outputs/babs/data/wacka/vasileios.samelis/RN22209/primary_data/220808_A01366_0254_AHTMGYDSX3/fastq/SAM5059A20_S154_L004_R1_001.fastq.gz,/camp/stp/sequencing/outputs/babs/data/wacka/vasileios.samelis/RN22209/primary_data/220808_A01366_0254_AHTMGYDSX3/fastq/SAM5059A20_S154_L004_R2_001.fastq.gz,unstranded
KO_allBcells_3,/camp/stp/sequencing/outputs/babs/data/wacka/vasileios.samelis/RN22209/primary_data/220808_A01366_0254_AHTMGYDSX3/fastq/SAM5059A18_S152_L001_R1_001.fastq.gz,/camp/stp/sequencing/outputs/babs/data/wacka/vasileios.samelis/RN22209/primary_data/220808_A01366_0254_AHTMGYDSX3/fastq/SAM5059A18_S152_L001_R2_001.fastq.gz,unstranded
KO_allBcells_3,/camp/stp/sequencing/outputs/babs/data/wacka/vasileios.samelis/RN22209/primary_data/220808_A01366_0254_AHTMGYDSX3/fastq/SAM5059A18_S152_L002_R1_001.fastq.gz,/camp/stp/sequencing/outputs/babs/data/wacka/vasileios.samelis/RN22209/primary_data/220808_A01366_0254_AHTMGYDSX3/fastq/SAM5059A18_S152_L002_R2_001.fastq.gz,unstranded
KO_allBcells_3,/camp/stp/sequencing/outputs/babs/data/wacka/vasileios.samelis/RN22209/primary_data/220808_A01366_0254_AHTMGYDSX3/fastq/SAM5059A18_S152_L003_R1_001.fastq.gz,/camp/stp/sequencing/outputs/babs/data/wacka/vasileios.samelis/RN22209/primary_data/220808_A01366_0254_AHTMGYDSX3/fastq/SAM5059A18_S152_L003_R2_001.fastq.gz,unstranded
KO_allBcells_3,/camp/stp/sequencing/outputs/babs/data/wacka/vasileios.samelis/RN22209/primary_data/220808_A01366_0254_AHTMGYDSX3/fastq/SAM5059A18_S152_L004_R1_001.fastq.gz,/camp/stp/sequencing/outputs/babs/data/wacka/vasileios.samelis/RN22209/primary_data/220808_A01366_0254_AHTMGYDSX3/fastq/SAM5059A18_S152_L004_R2_001.fastq.gz,unstranded
KO_allBcells_2,/camp/stp/sequencing/outputs/babs/data/wacka/vasileios.samelis/RN22209/primary_data/220808_A01366_0254_AHTMGYDSX3/fastq/SAM5059A17_S151_L001_R1_001.fastq.gz,/camp/stp/sequencing/outputs/babs/data/wacka/vasileios.samelis/RN22209/primary_data/220808_A01366_0254_AHTMGYDSX3/fastq/SAM5059A17_S151_L001_R2_001.fastq.gz,unstranded
KO_allBcells_2,/camp/stp/sequencing/outputs/babs/data/wacka/vasileios.samelis/RN22209/primary_data/220808_A01366_0254_AHTMGYDSX3/fastq/SAM5059A17_S151_L002_R1_001.fastq.gz,/camp/stp/sequencing/outputs/babs/data/wacka/vasileios.samelis/RN22209/primary_data/220808_A01366_0254_AHTMGYDSX3/fastq/SAM5059A17_S151_L002_R2_001.fastq.gz,unstranded
KO_allBcells_2,/camp/stp/sequencing/outputs/babs/data/wacka/vasileios.samelis/RN22209/primary_data/220808_A01366_0254_AHTMGYDSX3/fastq/SAM5059A17_S151_L003_R1_001.fastq.gz,/camp/stp/sequencing/outputs/babs/data/wacka/vasileios.samelis/RN22209/primary_data/220808_A01366_0254_AHTMGYDSX3/fastq/SAM5059A17_S151_L003_R2_001.fastq.gz,unstranded
KO_allBcells_2,/camp/stp/sequencing/outputs/babs/data/wacka/vasileios.samelis/RN22209/primary_data/220808_A01366_0254_AHTMGYDSX3/fastq/SAM5059A17_S151_L004_R1_001.fastq.gz,/camp/stp/sequencing/outputs/babs/data/wacka/vasileios.samelis/RN22209/primary_data/220808_A01366_0254_AHTMGYDSX3/fastq/SAM5059A17_S151_L004_R2_001.fastq.gz,unstranded
KO_allBcells_1,/camp/stp/sequencing/outputs/babs/data/wacka/vasileios.samelis/RN22209/primary_data/220808_A01366_0254_AHTMGYDSX3/fastq/SAM5059A16_S150_L001_R1_001.fastq.gz,/camp/stp/sequencing/outputs/babs/data/wacka/vasileios.samelis/RN22209/primary_data/220808_A01366_0254_AHTMGYDSX3/fastq/SAM5059A16_S150_L001_R2_001.fastq.gz,unstranded
KO_allBcells_1,/camp/stp/sequencing/outputs/babs/data/wacka/vasileios.samelis/RN22209/primary_data/220808_A01366_0254_AHTMGYDSX3/fastq/SAM5059A16_S150_L002_R1_001.fastq.gz,/camp/stp/sequencing/outputs/babs/data/wacka/vasileios.samelis/RN22209/primary_data/220808_A01366_0254_AHTMGYDSX3/fastq/SAM5059A16_S150_L002_R2_001.fastq.gz,unstranded
KO_allBcells_1,/camp/stp/sequencing/outputs/babs/data/wacka/vasileios.samelis/RN22209/primary_data/220808_A01366_0254_AHTMGYDSX3/fastq/SAM5059A16_S150_L003_R1_001.fastq.gz,/camp/stp/sequencing/outputs/babs/data/wacka/vasileios.samelis/RN22209/primary_data/220808_A01366_0254_AHTMGYDSX3/fastq/SAM5059A16_S150_L003_R2_001.fastq.gz,unstranded
KO_allBcells_1,/camp/stp/sequencing/outputs/babs/data/wacka/vasileios.samelis/RN22209/primary_data/220808_A01366_0254_AHTMGYDSX3/fastq/SAM5059A16_S150_L004_R1_001.fastq.gz,/camp/stp/sequencing/outputs/babs/data/wacka/vasileios.samelis/RN22209/primary_data/220808_A01366_0254_AHTMGYDSX3/fastq/SAM5059A16_S150_L004_R2_001.fastq.gz,unstranded
WT_PB_3,/camp/stp/sequencing/outputs/babs/data/wacka/vasileios.samelis/RN22209/primary_data/220818_A01366_0265_AHG7N3DMXY/fastq/SAM5059A9_S434_L002_R1_001.fastq.gz,/camp/stp/sequencing/outputs/babs/data/wacka/vasileios.samelis/RN22209/primary_data/220818_A01366_0265_AHG7N3DMXY/fastq/SAM5059A9_S434_L002_R2_001.fastq.gz,unstranded
WT_PB_2,/camp/stp/sequencing/outputs/babs/data/wacka/vasileios.samelis/RN22209/primary_data/220818_A01366_0265_AHG7N3DMXY/fastq/SAM5059A8_S433_L002_R1_001.fastq.gz,/camp/stp/sequencing/outputs/babs/data/wacka/vasileios.samelis/RN22209/primary_data/220818_A01366_0265_AHG7N3DMXY/fastq/SAM5059A8_S433_L002_R2_001.fastq.gz,unstranded
WT_PB_1,/camp/stp/sequencing/outputs/babs/data/wacka/vasileios.samelis/RN22209/primary_data/220818_A01366_0265_AHG7N3DMXY/fastq/SAM5059A7_S432_L002_R1_001.fastq.gz,/camp/stp/sequencing/outputs/babs/data/wacka/vasileios.samelis/RN22209/primary_data/220818_A01366_0265_AHG7N3DMXY/fastq/SAM5059A7_S432_L002_R2_001.fastq.gz,unstranded
WT_NK_3,/camp/stp/sequencing/outputs/babs/data/wacka/vasileios.samelis/RN22209/primary_data/220818_A01366_0265_AHG7N3DMXY/fastq/SAM5059A19_S444_L002_R1_001.fastq.gz,/camp/stp/sequencing/outputs/babs/data/wacka/vasileios.samelis/RN22209/primary_data/220818_A01366_0265_AHG7N3DMXY/fastq/SAM5059A19_S444_L002_R2_001.fastq.gz,unstranded
WT_NK_2,/camp/stp/sequencing/outputs/babs/data/wacka/vasileios.samelis/RN22209/primary_data/220818_A01366_0265_AHG7N3DMXY/fastq/SAM5059A2_S431_L002_R1_001.fastq.gz,/camp/stp/sequencing/outputs/babs/data/wacka/vasileios.samelis/RN22209/primary_data/220818_A01366_0265_AHG7N3DMXY/fastq/SAM5059A2_S431_L002_R2_001.fastq.gz,unstranded
WT_NK_1,/camp/stp/sequencing/outputs/babs/data/wacka/vasileios.samelis/RN22209/primary_data/220818_A01366_0265_AHG7N3DMXY/fastq/SAM5059A1_S430_L002_R1_001.fastq.gz,/camp/stp/sequencing/outputs/babs/data/wacka/vasileios.samelis/RN22209/primary_data/220818_A01366_0265_AHG7N3DMXY/fastq/SAM5059A1_S430_L002_R2_001.fastq.gz,unstranded
WT_allBcells_3,/camp/stp/sequencing/outputs/babs/data/wacka/vasileios.samelis/RN22209/primary_data/220818_A01366_0265_AHG7N3DMXY/fastq/SAM5059A15_S440_L002_R1_001.fastq.gz,/camp/stp/sequencing/outputs/babs/data/wacka/vasileios.samelis/RN22209/primary_data/220818_A01366_0265_AHG7N3DMXY/fastq/SAM5059A15_S440_L002_R2_001.fastq.gz,unstranded
WT_allBcells_2,/camp/stp/sequencing/outputs/babs/data/wacka/vasileios.samelis/RN22209/primary_data/220818_A01366_0265_AHG7N3DMXY/fastq/SAM5059A14_S439_L002_R1_001.fastq.gz,/camp/stp/sequencing/outputs/babs/data/wacka/vasileios.samelis/RN22209/primary_data/220818_A01366_0265_AHG7N3DMXY/fastq/SAM5059A14_S439_L002_R2_001.fastq.gz,unstranded
WT_allBcells_1,/camp/stp/sequencing/outputs/babs/data/wacka/vasileios.samelis/RN22209/primary_data/220818_A01366_0265_AHG7N3DMXY/fastq/SAM5059A13_S438_L002_R1_001.fastq.gz,/camp/stp/sequencing/outputs/babs/data/wacka/vasileios.samelis/RN22209/primary_data/220818_A01366_0265_AHG7N3DMXY/fastq/SAM5059A13_S438_L002_R2_001.fastq.gz,unstranded
KO_PB_3,/camp/stp/sequencing/outputs/babs/data/wacka/vasileios.samelis/RN22209/primary_data/220818_A01366_0265_AHG7N3DMXY/fastq/SAM5059A12_S437_L002_R1_001.fastq.gz,/camp/stp/sequencing/outputs/babs/data/wacka/vasileios.samelis/RN22209/primary_data/220818_A01366_0265_AHG7N3DMXY/fastq/SAM5059A12_S437_L002_R2_001.fastq.gz,unstranded
KO_PB_2,/camp/stp/sequencing/outputs/babs/data/wacka/vasileios.samelis/RN22209/primary_data/220818_A01366_0265_AHG7N3DMXY/fastq/SAM5059A11_S436_L002_R1_001.fastq.gz,/camp/stp/sequencing/outputs/babs/data/wacka/vasileios.samelis/RN22209/primary_data/220818_A01366_0265_AHG7N3DMXY/fastq/SAM5059A11_S436_L002_R2_001.fastq.gz,unstranded
KO_PB_1,/camp/stp/sequencing/outputs/babs/data/wacka/vasileios.samelis/RN22209/primary_data/220818_A01366_0265_AHG7N3DMXY/fastq/SAM5059A10_S435_L002_R1_001.fastq.gz,/camp/stp/sequencing/outputs/babs/data/wacka/vasileios.samelis/RN22209/primary_data/220818_A01366_0265_AHG7N3DMXY/fastq/SAM5059A10_S435_L002_R2_001.fastq.gz,unstranded
KO_NK_3,/camp/stp/sequencing/outputs/babs/data/wacka/vasileios.samelis/RN22209/primary_data/220818_A01366_0265_AHG7N3DMXY/fastq/SAM5059A22_S447_L002_R1_001.fastq.gz,/camp/stp/sequencing/outputs/babs/data/wacka/vasileios.samelis/RN22209/primary_data/220818_A01366_0265_AHG7N3DMXY/fastq/SAM5059A22_S447_L002_R2_001.fastq.gz,unstranded
KO_NK_2,/camp/stp/sequencing/outputs/babs/data/wacka/vasileios.samelis/RN22209/primary_data/220818_A01366_0265_AHG7N3DMXY/fastq/SAM5059A21_S446_L002_R1_001.fastq.gz,/camp/stp/sequencing/outputs/babs/data/wacka/vasileios.samelis/RN22209/primary_data/220818_A01366_0265_AHG7N3DMXY/fastq/SAM5059A21_S446_L002_R2_001.fastq.gz,unstranded
KO_NK_1,/camp/stp/sequencing/outputs/babs/data/wacka/vasileios.samelis/RN22209/primary_data/220818_A01366_0265_AHG7N3DMXY/fastq/SAM5059A20_S445_L002_R1_001.fastq.gz,/camp/stp/sequencing/outputs/babs/data/wacka/vasileios.samelis/RN22209/primary_data/220818_A01366_0265_AHG7N3DMXY/fastq/SAM5059A20_S445_L002_R2_001.fastq.gz,unstranded
KO_allBcells_3,/camp/stp/sequencing/outputs/babs/data/wacka/vasileios.samelis/RN22209/primary_data/220818_A01366_0265_AHG7N3DMXY/fastq/SAM5059A18_S443_L002_R1_001.fastq.gz,/camp/stp/sequencing/outputs/babs/data/wacka/vasileios.samelis/RN22209/primary_data/220818_A01366_0265_AHG7N3DMXY/fastq/SAM5059A18_S443_L002_R2_001.fastq.gz,unstranded
KO_allBcells_2,/camp/stp/sequencing/outputs/babs/data/wacka/vasileios.samelis/RN22209/primary_data/220818_A01366_0265_AHG7N3DMXY/fastq/SAM5059A17_S442_L002_R1_001.fastq.gz,/camp/stp/sequencing/outputs/babs/data/wacka/vasileios.samelis/RN22209/primary_data/220818_A01366_0265_AHG7N3DMXY/fastq/SAM5059A17_S442_L002_R2_001.fastq.gz,unstranded
KO_allBcells_1,/camp/stp/sequencing/outputs/babs/data/wacka/vasileios.samelis/RN22209/primary_data/220818_A01366_0265_AHG7N3DMXY/fastq/SAM5059A16_S441_L002_R1_001.fastq.gz,/camp/stp/sequencing/outputs/babs/data/wacka/vasileios.samelis/RN22209/primary_data/220818_A01366_0265_AHG7N3DMXY/fastq/SAM5059A16_S441_L002_R2_001.fastq.gz,unstranded
WT_PB_3,/camp/stp/sequencing/outputs/babs/data/wacka/vasileios.samelis/RN22209/primary_data/220826_A01366_0271_AHF7H3DMXY/fastq/SAM5059A9_S82_L001_R1_001.fastq.gz,/camp/stp/sequencing/outputs/babs/data/wacka/vasileios.samelis/RN22209/primary_data/220826_A01366_0271_AHF7H3DMXY/fastq/SAM5059A9_S82_L001_R2_001.fastq.gz,unstranded
WT_PB_2,/camp/stp/sequencing/outputs/babs/data/wacka/vasileios.samelis/RN22209/primary_data/220826_A01366_0271_AHF7H3DMXY/fastq/SAM5059A8_S81_L001_R1_001.fastq.gz,/camp/stp/sequencing/outputs/babs/data/wacka/vasileios.samelis/RN22209/primary_data/220826_A01366_0271_AHF7H3DMXY/fastq/SAM5059A8_S81_L001_R2_001.fastq.gz,unstranded
WT_PB_1,/camp/stp/sequencing/outputs/babs/data/wacka/vasileios.samelis/RN22209/primary_data/220826_A01366_0271_AHF7H3DMXY/fastq/SAM5059A7_S80_L001_R1_001.fastq.gz,/camp/stp/sequencing/outputs/babs/data/wacka/vasileios.samelis/RN22209/primary_data/220826_A01366_0271_AHF7H3DMXY/fastq/SAM5059A7_S80_L001_R2_001.fastq.gz,unstranded
WT_NK_3,/camp/stp/sequencing/outputs/babs/data/wacka/vasileios.samelis/RN22209/primary_data/220826_A01366_0271_AHF7H3DMXY/fastq/SAM5059A19_S92_L001_R1_001.fastq.gz,/camp/stp/sequencing/outputs/babs/data/wacka/vasileios.samelis/RN22209/primary_data/220826_A01366_0271_AHF7H3DMXY/fastq/SAM5059A19_S92_L001_R2_001.fastq.gz,unstranded
WT_NK_2,/camp/stp/sequencing/outputs/babs/data/wacka/vasileios.samelis/RN22209/primary_data/220826_A01366_0271_AHF7H3DMXY/fastq/SAM5059A2_S79_L001_R1_001.fastq.gz,/camp/stp/sequencing/outputs/babs/data/wacka/vasileios.samelis/RN22209/primary_data/220826_A01366_0271_AHF7H3DMXY/fastq/SAM5059A2_S79_L001_R2_001.fastq.gz,unstranded
WT_NK_1,/camp/stp/sequencing/outputs/babs/data/wacka/vasileios.samelis/RN22209/primary_data/220826_A01366_0271_AHF7H3DMXY/fastq/SAM5059A1_S78_L001_R1_001.fastq.gz,/camp/stp/sequencing/outputs/babs/data/wacka/vasileios.samelis/RN22209/primary_data/220826_A01366_0271_AHF7H3DMXY/fastq/SAM5059A1_S78_L001_R2_001.fastq.gz,unstranded
WT_allBcells_3,/camp/stp/sequencing/outputs/babs/data/wacka/vasileios.samelis/RN22209/primary_data/220826_A01366_0271_AHF7H3DMXY/fastq/SAM5059A15_S88_L001_R1_001.fastq.gz,/camp/stp/sequencing/outputs/babs/data/wacka/vasileios.samelis/RN22209/primary_data/220826_A01366_0271_AHF7H3DMXY/fastq/SAM5059A15_S88_L001_R2_001.fastq.gz,unstranded
WT_allBcells_2,/camp/stp/sequencing/outputs/babs/data/wacka/vasileios.samelis/RN22209/primary_data/220826_A01366_0271_AHF7H3DMXY/fastq/SAM5059A14_S87_L001_R1_001.fastq.gz,/camp/stp/sequencing/outputs/babs/data/wacka/vasileios.samelis/RN22209/primary_data/220826_A01366_0271_AHF7H3DMXY/fastq/SAM5059A14_S87_L001_R2_001.fastq.gz,unstranded
WT_allBcells_1,/camp/stp/sequencing/outputs/babs/data/wacka/vasileios.samelis/RN22209/primary_data/220826_A01366_0271_AHF7H3DMXY/fastq/SAM5059A13_S86_L001_R1_001.fastq.gz,/camp/stp/sequencing/outputs/babs/data/wacka/vasileios.samelis/RN22209/primary_data/220826_A01366_0271_AHF7H3DMXY/fastq/SAM5059A13_S86_L001_R2_001.fastq.gz,unstranded
KO_PB_3,/camp/stp/sequencing/outputs/babs/data/wacka/vasileios.samelis/RN22209/primary_data/220826_A01366_0271_AHF7H3DMXY/fastq/SAM5059A12_S85_L001_R1_001.fastq.gz,/camp/stp/sequencing/outputs/babs/data/wacka/vasileios.samelis/RN22209/primary_data/220826_A01366_0271_AHF7H3DMXY/fastq/SAM5059A12_S85_L001_R2_001.fastq.gz,unstranded
KO_PB_2,/camp/stp/sequencing/outputs/babs/data/wacka/vasileios.samelis/RN22209/primary_data/220826_A01366_0271_AHF7H3DMXY/fastq/SAM5059A11_S84_L001_R1_001.fastq.gz,/camp/stp/sequencing/outputs/babs/data/wacka/vasileios.samelis/RN22209/primary_data/220826_A01366_0271_AHF7H3DMXY/fastq/SAM5059A11_S84_L001_R2_001.fastq.gz,unstranded
KO_PB_1,/camp/stp/sequencing/outputs/babs/data/wacka/vasileios.samelis/RN22209/primary_data/220826_A01366_0271_AHF7H3DMXY/fastq/SAM5059A10_S83_L001_R1_001.fastq.gz,/camp/stp/sequencing/outputs/babs/data/wacka/vasileios.samelis/RN22209/primary_data/220826_A01366_0271_AHF7H3DMXY/fastq/SAM5059A10_S83_L001_R2_001.fastq.gz,unstranded
KO_NK_3,/camp/stp/sequencing/outputs/babs/data/wacka/vasileios.samelis/RN22209/primary_data/220826_A01366_0271_AHF7H3DMXY/fastq/SAM5059A22_S95_L001_R1_001.fastq.gz,/camp/stp/sequencing/outputs/babs/data/wacka/vasileios.samelis/RN22209/primary_data/220826_A01366_0271_AHF7H3DMXY/fastq/SAM5059A22_S95_L001_R2_001.fastq.gz,unstranded
KO_NK_2,/camp/stp/sequencing/outputs/babs/data/wacka/vasileios.samelis/RN22209/primary_data/220826_A01366_0271_AHF7H3DMXY/fastq/SAM5059A21_S94_L001_R1_001.fastq.gz,/camp/stp/sequencing/outputs/babs/data/wacka/vasileios.samelis/RN22209/primary_data/220826_A01366_0271_AHF7H3DMXY/fastq/SAM5059A21_S94_L001_R2_001.fastq.gz,unstranded
KO_NK_1,/camp/stp/sequencing/outputs/babs/data/wacka/vasileios.samelis/RN22209/primary_data/220826_A01366_0271_AHF7H3DMXY/fastq/SAM5059A20_S93_L001_R1_001.fastq.gz,/camp/stp/sequencing/outputs/babs/data/wacka/vasileios.samelis/RN22209/primary_data/220826_A01366_0271_AHF7H3DMXY/fastq/SAM5059A20_S93_L001_R2_001.fastq.gz,unstranded
KO_allBcells_3,/camp/stp/sequencing/outputs/babs/data/wacka/vasileios.samelis/RN22209/primary_data/220826_A01366_0271_AHF7H3DMXY/fastq/SAM5059A18_S91_L001_R1_001.fastq.gz,/camp/stp/sequencing/outputs/babs/data/wacka/vasileios.samelis/RN22209/primary_data/220826_A01366_0271_AHF7H3DMXY/fastq/SAM5059A18_S91_L001_R2_001.fastq.gz,unstranded
KO_allBcells_2,/camp/stp/sequencing/outputs/babs/data/wacka/vasileios.samelis/RN22209/primary_data/220826_A01366_0271_AHF7H3DMXY/fastq/SAM5059A17_S90_L001_R1_001.fastq.gz,/camp/stp/sequencing/outputs/babs/data/wacka/vasileios.samelis/RN22209/primary_data/220826_A01366_0271_AHF7H3DMXY/fastq/SAM5059A17_S90_L001_R2_001.fastq.gz,unstranded
KO_allBcells_1,/camp/stp/sequencing/outputs/babs/data/wacka/vasileios.samelis/RN22209/primary_data/220826_A01366_0271_AHF7H3DMXY/fastq/SAM5059A16_S89_L001_R1_001.fastq.gz,/camp/stp/sequencing/outputs/babs/data/wacka/vasileios.samelis/RN22209/primary_data/220826_A01366_0271_AHF7H3DMXY/fastq/SAM5059A16_S89_L001_R2_001.fastq.gz,unstranded
